Link Name,Center of Mass X,Center of Mass Y,Center of Mass Z,Center of Mass Roll,Center of Mass Pitch,Center of Mass Yaw,Mass,Moment Ixx,Moment Ixy,Moment Ixz,Moment Iyy,Moment Iyz,Moment Izz,Visual X,Visual Y,Visual Z,Visual Roll,Visual Pitch,Visual Yaw,Mesh Filename,Color Red,Color Green,Color Blue,Color Alpha,Collision X,Collision Y,Collision Z,Collision Roll,Collision Pitch,Collision Yaw,Collision Mesh Filename,Material Name,SW Components,Coordinate System,Axis Name,Joint Name,Joint Type,Joint Origin X,Joint Origin Y,Joint Origin Z,Joint Origin Roll,Joint Origin Pitch,Joint Origin Yaw,Parent,Joint Axis X,Joint Axis Y,Joint Axis Z,Limit Effort,Limit Velocity,Limit Lower,Limit Upper,Calibration rising,Calibration falling,Dynamics Damping,Dynamics Friction,Safety Soft Upper,Safety Soft Lower,Safety K Position,Safety K Velocity
base_link,-0.000433277303987328,-3.54664423471128E-05,0.0599427668933796,0,0,0,0.841070778135659,0.0017261110801622,2.52746264980217E-06,-3.67690303614961E-05,0.00170987405835604,1.67996364994424E-06,0.000904023422915791,0,0,0,0,0,0,package://rm_description/meshes/base_link.STL,1,1,1,1,0,0,0,0,0,0,package://rm_description/meshes/base_link.STL,,连杆1-1,坐标系1,,,,0,0,0,0,0,0,,0,0,0,,,,,,,,,,,,
link1,1.2226305431569E-08,0.0211079974844683,-0.0251854220842269,0,0,0,0.593563443690403,0.00126614120341847,-1.294980943835E-08,-9.80120923066996E-09,0.00118168178300364,-0.00021121727444415,0.00056135241627747,0,0,0,0,0,0,package://rm_description/meshes/link1.STL,1,1,1,1,0,0,0,0,0,0,package://rm_description/meshes/link1.STL,,连杆2-1,坐标系2,基准轴1,joint1,revolute,0,0,0.2405,0,0,0,base_link,0,0,-1,100,1,-3.14,3.14,,,,,,,,
link2,0.152256463426163,4.75383656106654E-07,-0.00620260383607792,0,0,0,0.864175046869043,0.00089150298478414,-2.23268489334765E-08,0.00156246461035015,0.00733754343083901,6.28110889329165E-09,0.00697869103915473,0,0,0,0,0,0,package://rm_description/meshes/link2.STL,1,1,1,1,0,0,0,0,0,0,package://rm_description/meshes/link2.STL,,连杆3-1;连杆4-1,坐标系3,基准轴2,joint2,revolute,0,0,0,1.5708,-1.5708,0,link1,0,0,1,100,1,-2.268,2.268,,,,,,,,
link3,5.05312670989961E-06,-0.0595925663694732,0.010569069212336,0,0,0,0.289633681624654,0.00063737100450158,-7.05261293649751E-08,-3.86643272239426E-08,0.00015648388095025,-0.00014461035994916,0.000614178164773085,0,0,0,0,0,0,package://rm_description/meshes/link3.STL,1,1,1,1,0,0,0,0,0,0,package://rm_description/meshes/link3.STL,,连杆5-1,坐标系4,基准轴3,joint3,revolute,0.256,0,0,0,0,1.5708,link2,0,0,1,100,1,-2.355,2.355,,,,,,,,
link4,1.15516617405898E-06,-0.0180424468598241,-0.0215394748352687,0,0,0,0.239419768320061,0.000285938919722783,3.07101359163101E-09,-2.21994118981953E-09,0.000262727540304212,4.4236583260078E-05,0.000119888082791859,0,0,0,0,0,0,package://rm_description/meshes/link4.STL,1,1,1,1,0,0,0,0,0,0,package://rm_description/meshes/link4.STL,,连杆6-1,坐标系5,基准轴4,joint4,revolute,0,-0.21,0,1.5708,0,0,link3,0,0,1,100,1,-3.14,3.14,,,,,,,,
link5,3.19794786262152E-06,-0.0593808368101458,0.00736804250989326,0,0,0,0.218799761431678,0.000350540363914072,-3.41781619975602E-08,-1.77056457224373E-08,0.000104927867487581,-7.82431228461971E-05,0.000334482418423629,0,0,0,0,0,0,package://rm_description/meshes/link5.STL,1,1,1,1,0,0,0,0,0,0,package://rm_description/meshes/link5.STL,,连杆7-1,坐标系6,基准轴5,joint5,revolute,0,0,0,-1.5708,0,0,link4,0,0,1,100,1,-2.233,2.233,,,,,,,,
link6,0.000714234511756999,-0.000396718732824521,-0.0126723660946126,0,0,0,0.0649018034311231,2.02766547502765E-05,-1.32505200276849E-06,-2.5845091522508E-08,1.87986725225022E-05,3.39471452125439E-09,3.17885459163081E-05,0,0,0,0,0,0,package://rm_description/meshes/link6.STL,1,1,1,1,0,0,0,0,0,0,package://rm_description/meshes/link6.STL,,末端法兰件-1,坐标系7,基准轴6,joint6,continuous,0,-0.144,0,1.5708,0,0,link5,0,0,1,100,1,-6.28,6.28,,,,,,,,
