<launch>
  <arg name="fake_execution_type" default="FollowJointTrajectory" />
  <!-- loads moveit_controller_manager on the parameter server which is taken as argument
  if no argument is passed, moveit_simple_controller_manager will be set -->
  <arg name="moveit_controller_manager" 
  default="moveit_simple_controller_manager/MoveItSimpleControllerManager" />
  <param name="moveit_controller_manager" value="$(arg moveit_controller_manager)"/>
  <!-- load controller_list -->
  <arg name="use_controller_manager" default="true" />
  <param name="use_controller_manager" value="$(arg use_controller_manager)" />
  <!-- loads ros_controllers to the param server -->
  <!-- <rosparam file="$(find rm_65_6f_moveit_config)/config/ros_controllers.yaml"/> -->
  <rosparam file="$(find rm_65_6f_moveit_config)/config/controllers.yaml"/>
  <!-- <rosparam file="$(find rm_65_6f_moveit_config)/config/controllers_gazebo.yaml"/> -->
  </launch>
  